"Total Time","Mean Performance","Wallclock Time","Incumbent ID","Automatic Configurator Time","Configuration..."
0.1107, 100000000, 0.0006, 0, 0.1107, coolFactor='0.03', startTemp='500'
0.7735, 61.0, 2.5794, 0, 0.1114, coolFactor='0.03', startTemp='500'
37.0356, 4346.666666666666, 44.5135, 0, 0.1175, coolFactor='0.03', startTemp='500'
409.5067, 4157.166666666666, 422.0848, 7, 0.1247, coolFactor='0.009', startTemp='750'
1176.5171, 4157.166666666666, 1203.7493, 7, 0.1426, coolFactor='0.009', startTemp='750'
1176.5171, 4157.166666666666, 1203.7493, 7, 0.1426, coolFactor='0.009', startTemp='750'
